序号,原图,原始尺寸,人脸检测,处理后尺寸,蓝底_PSNR(dB),蓝底_SSIM,蓝底耗时(s),白底_PSNR(dB),白底_SSIM,白底耗时(s),红底_PSNR(dB),红底_SSIM,红底耗时(s),亮度+对比度_PSNR(dB),亮度+对比度_SSIM,原始亮度均值,增强后亮度均值,去噪_PSNR(dB),去噪_SSIM,原始信息熵,去噪后信息熵,去噪耗时(s),一键标准化耗时(s),一键标准化是否成功
1,1.jpeg,1032x1490,成功,295x413,8.78,0.7899,3.823,5.17,0.6560,0.054,16.23,0.9427,0.056,32.50,0.9727,47.5,49.2,38.84,0.9759,5.204,5.249,0.010,0.227,是
2,3.jpg,1256x1845,成功,295x413,8.03,0.9035,0.126,5.97,0.7589,0.072,29.57,0.9902,0.066,28.54,0.9922,84.0,89.4,36.76,0.9423,5.816,5.570,0.009,0.356,是
3,4.jpg,1196x1822,成功,295x413,17.32,0.9330,0.229,7.29,0.7869,0.068,8.12,0.9680,0.067,25.83,0.9932,130.8,140.4,35.47,0.9561,6.770,6.708,0.010,0.470,是
4,5.jpg,1173x1632,成功,295x413,31.54,0.9790,0.206,10.18,0.8851,0.062,7.92,0.8919,0.075,28.11,0.9962,97.7,104.3,35.28,0.9526,5.360,5.345,0.012,0.375,是
5,6.jpg,1256x1458,成功,295x413,31.80,0.9840,0.212,8.56,0.8582,0.072,6.16,0.8613,0.059,27.45,0.9911,99.7,106.2,37.25,0.9547,4.586,4.530,0.010,0.572,是
6,8.jpg,1255x1640,成功,295x413,11.20,0.9037,0.201,28.06,0.9817,0.077,6.78,0.7847,0.069,29.09,0.9929,151.4,159.1,35.57,0.9527,6.708,6.647,0.009,0.526,是
7,10.jpg,1256x1521,成功,295x413,9.86,0.8937,0.209,27.69,0.9815,0.070,5.59,0.7528,0.071,33.25,0.9970,151.5,154.2,35.97,0.9328,5.120,5.142,0.010,0.531,是
8,12.jpg,1080x1440,成功,295x413,9.30,0.7991,0.192,7.64,0.7305,0.070,9.49,0.8102,0.066,25.99,0.9951,128.4,138.0,36.77,0.9408,7.002,6.923,0.010,0.480,是
9,15.jpg,1619x1080,成功,295x413,8.77,0.7684,0.203,14.23,0.8778,0.074,4.80,0.6267,0.069,28.26,0.9849,191.4,196.8,38.15,0.9783,4.845,5.006,0.010,0.476,是
10,17.jpg,1080x1588,成功,295x413,12.12,0.7688,0.202,13.64,0.7958,0.067,6.72,0.6308,0.067,26.05,0.9898,137.0,147.4,34.26,0.8873,7.069,6.964,0.010,0.492,是
